SN,mB,mB_err,x1,x1_err,c,c_err,mu,mu_err,HR,Outlier,log(M_stellar),log(M_stellar)_err,log(sSFR),log(sSFR)_err,Host z,Host z (HD)
2016gse,17.552,0.046,0.024,0.477,0.077,0.049,36.637,0.174,0.208,n,10.14,0.11,-10.57,0.2,0.0433,0.0436
2017dae,17.101,0.04,-0.999,0.499,-0.225,0.036,36.778,0.157,-0.062,n,9.19,0.1,-9.52,0.14,0.0522,0.0524
2017dfq,15.466,0.015,1.903,0.414,-0.276,0.014,35.636,0.163,0.881,y,7.86,0.14,-8.93,0.5,0.0212,0.0205
2017me,17.222,0.033,2.462,0.38,0.172,0.026,36.39,0.151,0.571,y,9.73,0.1,-9.82,0.2,0.0327,0.0332
2017mf,16.256,0.017,-0.573,0.185,0.138,0.016,35.119,0.146,-0.132,n,10.78,0.1,-9.88,0.15,0.0256,0.0257
2018avp,17.641,0.016,0.892,0.127,-0.022,0.012,37.074,0.141,0.22,n,9.31,0.12,-10.27,0.29,0.0527,0.0527
2018awn,16.546,0.009,-2.192,0.072,-0.058,0.007,35.673,0.143,0.156,n,9.76,0.08,-10.62,0.2,0.0289,0.029
2018bac,16.985,0.115,0.82,0.511,0.077,0.072,36.171,0.146,0.044,n,9.02,0.08,-9.48,0.16,0.0372,0.0381
2018btg,18.776,0.01,-0.508,0.077,-0.11,0.008,38.241,0.139,0.233,n,10.58,0.08,-10.32,0.15,0.0874,0.0875
2018bwb,17.695,0.018,-0.738,0.093,0.127,0.011,36.564,0.14,-0.14,n,9.52,0.09,-10.87,0.45,0.0498,0.0493
2018bxo,17.735,0.003,0.811,0.058,-0.044,0.003,37.21,0.139,-0.025,n,9.83,0.08,-9.48,0.1,0.062,0.0624
2018bzn,16.424,0.01,-1.511,0.152,-0.194,0.01,35.962,0.141,-2.312,y,10.49,0.0,-10.02,0.0,0.0978,0.0983
2018cbf,18.603,0.014,-0.798,0.094,-0.096,0.012,37.998,0.139,0.303,y,9.78,0.11,-9.82,0.2,0.077,0.0764
2018cnx,18.838,0.016,-2.155,0.195,0.225,0.013,37.292,0.141,-0.481,y,9.78,0.09,-9.52,0.09,0.08,0.079
2018crs,18.564,0.007,-1.12,0.05,0.047,0.005,37.574,0.138,0.016,n,10.36,0.08,-10.12,0.14,0.0721,0.0719
2018cxm,17.144,0.007,0.622,0.067,-0.074,0.006,36.667,0.14,-0.035,n,9.34,0.12,-9.62,0.14,0.0483,0.0493
2018efk,17.608,0.023,-0.09,0.277,-0.083,0.019,37.061,0.148,0.324,y,9.42,0.1,-9.62,0.14,0.0499,0.0501
2018eml,16.235,0.003,-0.042,0.022,-0.081,0.002,35.691,0.142,-0.011,n,9.44,0.07,-10.32,0.25,0.0316,0.0315
2018eqg,18.845,0.027,0.968,0.295,0.032,0.02,38.156,0.145,0.003,n,10.43,0.1,-10.32,0.15,0.0922,0.0932
2018euz,17.283,0.004,-2.188,0.02,0.026,0.003,36.209,0.14,0.081,n,10.27,0.08,-10.07,0.14,0.038,0.0382
2018fbh,17.316,0.007,-0.215,0.069,0.115,0.005,36.279,0.14,-0.026,n,8.63,0.0,-8.23,0.0,0.0413,0.0413
2018feb,14.873,0.003,0.226,0.021,-0.009,0.002,34.189,0.156,0.153,n,9.18,0.11,-9.62,0.14,0.0148,0.0148
2018fim,19.096,0.022,0.389,0.15,0.164,0.015,38.019,0.141,0.552,y,9.78,0.09,-9.77,0.15,0.0681,0.0691
2018fvr,17.655,0.022,-1.121,0.528,-0.012,0.017,36.807,0.153,-0.012,n,9.2,0.13,-9.77,0.2,0.0527,0.0519
2018geo,16.199,0.003,-2.497,0.023,-0.108,0.002,35.406,0.142,-0.317,n,9.24,0.12,-10.27,0.2,0.031,0.0318
2018gjt,16.912,0.005,0.166,0.046,-0.14,0.004,36.534,0.139,-0.128,n,9.0,0.1,-9.62,0.19,0.0471,0.0484
2018gru,17.992,0.032,0.825,0.228,0.121,0.026,37.074,0.149,-0.462,y,9.63,0.12,-9.68,0.16,0.0702,0.0712
2018gsb,18.029,0.04,-1.867,0.323,0.032,0.028,36.981,0.147,-0.202,n,9.98,0.09,-10.47,0.2,0.06,0.061
2018gvx,18.668,0.024,0.488,0.198,0.12,0.023,37.709,0.149,-0.359,y,10.56,0.07,-10.72,0.3,0.0893,0.0899
2018gxq,15.821,0.006,-0.09,0.035,-0.09,0.004,35.291,0.143,-0.05,n,8.94,0.11,-10.52,0.3,0.0259,0.0268
2018htu,17.954,0.005,0.4,0.069,-0.021,0.004,37.321,0.139,0.009,n,9.89,0.1,-10.22,0.15,0.0645,0.0646
2018hus,18.379,0.027,0.2,0.122,0.262,0.017,37.044,0.14,-0.412,y,10.67,0.1,-9.73,0.16,0.0681,0.0688
2018huy,18.434,0.031,2.898,0.237,0.236,0.018,37.503,0.142,-0.549,y,9.7,0.09,-9.43,0.16,0.0883,0.0892
2018icr,16.776,0.005,-1.904,0.034,0.023,0.005,35.744,0.141,-0.183,n,10.13,0.1,-10.62,0.35,0.0328,0.0349
2018ikr,17.717,0.033,0.551,0.168,-0.041,0.021,37.153,0.143,-0.019,n,9.91,0.1,-10.07,0.14,0.0599,0.0607
2018iqt,17.868,0.008,-0.908,0.059,0.029,0.007,36.95,0.139,-0.024,n,8.82,0.06,-8.88,0.15,0.054,0.0556
2018iso,16.339,0.004,0.543,0.038,-0.074,0.004,35.85,0.141,0.027,n,8.84,0.11,-9.68,0.2,0.0332,0.0333
2018iuu,15.071,0.002,-0.996,0.011,-0.147,0.002,34.563,0.151,0.107,n,9.99,0.11,-9.68,0.16,0.0171,0.0179
2018ize,18.211,0.033,-1.699,0.135,-0.061,0.024,37.407,0.141,0.148,n,10.62,0.07,-10.92,0.35,0.0636,0.0631
2018jaj,15.192,0.003,0.547,0.017,-0.079,0.002,34.716,0.149,0.124,n,8.2,0.17,-9.07,0.55,0.0192,0.0191
2018jaz,16.003,0.009,1.337,0.065,0.043,0.007,35.335,0.145,0.201,n,9.02,0.06,-9.27,0.15,0.0232,0.0244
2018jbl,17.273,0.004,0.031,0.033,-0.17,0.003,36.949,0.141,0.919,y,8.97,0.15,-10.17,0.35,0.0359,0.0365
2018jfb,17.188,0.006,0.338,0.052,-0.126,0.005,36.798,0.139,0.059,n,9.19,0.08,-9.27,0.2,0.0498,0.0501
2018jfn,16.767,0.004,0.113,0.04,-0.033,0.004,36.127,0.141,0.018,n,9.18,0.06,-9.12,0.14,0.0368,0.0378
2018jjn,18.014,0.027,-0.046,0.144,0.055,0.021,37.144,0.143,0.169,n,10.03,0.08,-9.52,0.14,0.056,0.0556
2018jny,16.421,0.008,-0.2,0.04,-0.123,0.005,35.957,0.142,0.189,n,8.79,0.11,-9.57,0.19,0.0328,0.0325
2018joe,18.203,0.021,0.98,0.162,-0.022,0.017,37.646,0.143,0.313,n,9.79,0.11,-9.77,0.15,0.0652,0.0652
2018jpe,18.851,0.032,-0.21,0.308,0.052,0.03,37.965,0.157,-0.107,n,10.64,0.1,-10.42,0.2,0.0891,0.09
2018jqp,17.471,0.071,-0.475,0.196,0.265,0.041,36.042,0.147,0.02,n,9.94,0.09,-10.22,0.15,0.035,0.0364
2018jst,18.444,0.012,0.385,0.145,0.022,0.011,37.707,0.142,-0.079,n,9.73,0.11,-9.73,0.21,0.0796,0.0795
2018jsu,18.406,0.014,0.113,0.136,-0.014,0.012,37.72,0.141,0.004,n,9.64,0.07,-9.38,0.2,0.0779,0.0771
2018jum,16.633,0.044,0.484,0.197,-0.093,0.03,36.183,0.142,0.077,n,10.24,0.08,-9.88,0.2,0.037,0.0378
2018kbd,17.546,0.021,0.603,0.171,-0.04,0.014,36.986,0.143,0.193,n,9.42,0.07,-9.98,0.16,0.0514,0.0513
2018kdx,16.8,0.006,1.078,0.042,-0.032,0.004,36.28,0.14,0.116,n,9.82,0.09,-9.93,0.2,0.0371,0.0388
2018khw,17.093,0.009,0.099,0.064,0.201,0.006,35.889,0.142,0.132,n,9.13,0.11,-9.82,0.2,0.0313,0.0323
2018kij,17.261,0.01,-0.187,0.082,0.041,0.007,36.405,0.141,0.155,n,9.33,0.12,-10.32,0.3,0.0409,0.0403
2018kil,18.108,0.024,-0.093,0.162,-0.027,0.018,37.427,0.141,-0.043,n,8.76,0.09,-9.12,0.19,0.0686,0.0692
2018kji,16.614,0.015,-0.149,0.121,0.023,0.01,35.807,0.142,-0.214,n,9.16,0.06,-9.07,0.14,0.0357,0.0364
2018kxz,17.545,0.007,0.924,0.07,-0.057,0.005,37.066,0.139,0.081,n,10.11,0.1,-10.17,0.15,0.0551,0.0559
2018loy,18.39,0.03,0.938,0.151,0.269,0.02,37.131,0.14,-0.437,y,10.26,0.08,-9.88,0.15,0.0712,0.0722
2018lpb,18.426,0.008,-0.754,0.049,0.043,0.006,37.494,0.138,-0.019,n,9.93,0.07,-9.93,0.16,0.0711,0.0705
2019abl,17.595,0.022,0.325,0.11,0.016,0.015,36.863,0.141,0.01,n,9.19,0.11,-9.73,0.21,0.0534,0.0527
2019aev,18.063,0.015,-0.155,0.163,-0.046,0.011,37.421,0.142,0.123,n,9.7,0.15,-9.52,0.14,0.0645,0.0642
2019agl,19.103,0.063,1.179,0.479,0.142,0.05,38.179,0.17,0.384,n,10.04,0.1,-10.12,0.19,0.0806,0.0798
2019ago,16.975,0.013,-0.259,0.049,0.057,0.009,36.071,0.141,-0.143,n,9.35,0.08,-9.18,0.16,0.0386,0.0396
2019amp,18.057,0.018,0.089,0.196,0.089,0.015,37.12,0.144,-0.084,n,10.14,0.09,-9.93,0.16,0.0604,0.0616
2019ard,18.74,0.04,-2.054,0.36,0.053,0.032,37.618,0.154,0.119,n,9.89,0.1,-9.52,0.14,0.0691,0.0701
2019avx,17.21,0.005,-0.967,0.029,-0.056,0.004,36.487,0.14,0.11,n,9.71,0.11,-10.17,0.19,0.041,0.0426
2019awd,18.829,0.064,-1.067,0.475,-0.072,0.047,38.132,0.171,-0.003,n,10.49,0.09,-9.68,0.16,0.0935,0.0925
2019aze,17.772,0.009,-1.758,0.069,0.013,0.008,36.782,0.14,0.272,n,9.75,0.1,-9.77,0.15,0.044,0.0453
2019bak,17.478,0.011,0.823,0.125,0.029,0.009,36.78,0.141,0.047,n,9.21,0.09,-9.27,0.09,0.0486,0.05
2019bas,18.117,0.007,2.019,0.088,-0.012,0.006,37.669,0.139,-0.101,n,10.01,0.09,-9.98,0.16,0.0783,0.0789
2019bdk,18.711,0.055,2.617,0.326,0.144,0.033,37.964,0.151,0.053,n,10.28,0.09,-9.93,0.2,0.0839,0.0839
2019bdz,16.549,0.008,-0.513,0.067,-0.147,0.007,36.102,0.142,0.146,n,10.21,0.1,-9.73,0.16,0.0346,0.0353
2019bff,17.237,0.011,1.446,0.081,0.106,0.008,36.432,0.141,0.1,n,9.65,0.1,-9.62,0.19,0.043,0.0418
2019bic,16.576,0.009,-0.429,0.049,-0.071,0.006,35.957,0.141,0.026,n,10.45,0.11,-10.32,0.2,0.0352,0.0349
2019bkh,16.065,0.003,0.709,0.018,0.082,0.002,35.225,0.148,0.55,y,9.44,0.11,-10.22,0.24,0.0195,0.0198
2019bnh,19.039,0.018,-0.797,0.104,0.218,0.014,37.682,0.141,-0.053,n,10.7,0.08,-10.27,0.1,0.0782,0.0777
2019bnu,18.317,0.021,-0.257,0.113,0.073,0.015,37.376,0.141,0.169,n,10.71,0.08,-9.82,0.14,0.0607,0.0616
2019bon,18.573,0.028,0.568,0.213,0.104,0.023,37.663,0.147,-0.128,n,10.75,0.04,-10.02,0.0,0.0802,0.0796
2019bow,18.652,0.013,-0.239,0.07,0.067,0.01,37.728,0.139,0.035,n,10.0,0.15,-9.57,0.19,0.0757,0.0763
2019bpc,16.725,0.005,0.286,0.027,0.246,0.003,35.439,0.145,0.317,n,9.91,0.11,-11.07,0.45,0.0244,0.0242
2019bpf,17.996,0.014,-0.524,0.095,-0.015,0.01,37.231,0.14,0.448,y,9.5,0.11,-9.73,0.16,0.0508,0.0511
2019bum,17.153,0.003,0.783,0.023,0.066,0.003,36.361,0.139,-0.177,n,9.43,0.1,-10.02,0.2,0.0448,0.0458
2019bus,18.2,0.03,0.291,0.167,-0.143,0.02,37.845,0.142,-0.002,n,10.16,0.09,-10.02,0.14,0.0823,0.0816
2019bvo,18.528,0.066,0.798,0.357,-0.042,0.043,37.997,0.147,0.176,n,10.47,0.09,-10.37,0.2,0.081,0.0807
2019ced,18.179,0.013,-0.761,0.113,-0.117,0.012,37.628,0.141,0.305,y,10.33,0.08,-10.37,0.15,0.0643,0.0649
2019cee,17.993,0.013,0.808,0.115,0.127,0.01,37.057,0.14,0.067,n,10.36,0.09,-10.12,0.14,0.0544,0.056
2019cmh,17.321,0.005,0.607,0.053,-0.092,0.004,36.884,0.139,0.244,n,9.17,0.1,-9.77,0.15,0.0463,0.0479
2019cmj,17.625,0.008,-0.101,0.056,0.116,0.006,36.601,0.14,0.089,n,10.16,0.08,-10.22,0.15,0.044,0.0453
2019crd,17.995,0.01,-1.341,0.102,0.125,0.009,36.792,0.14,-0.102,n,10.2,0.09,-10.32,0.15,0.0531,0.0537
2019crr,18.309,0.013,0.765,0.117,0.068,0.011,37.511,0.14,0.042,n,10.12,0.08,-9.98,0.16,0.0701,0.0692
2019cth,14.92,0.014,0.454,0.029,0.006,0.009,34.229,0.161,0.464,y,10.0,0.12,-11.02,0.45,0.0134,0.0131
2019cya,18.343,0.01,0.629,0.101,-0.137,0.008,38.017,0.139,0.129,n,9.83,0.11,-9.62,0.14,0.0836,0.0831
2019cyy,18.355,0.009,0.434,0.088,-0.103,0.008,37.924,0.139,0.133,n,10.41,0.09,-10.17,0.19,0.0787,0.0796
2019cza,18.461,0.032,0.633,0.31,-0.01,0.025,37.832,0.149,0.096,n,10.61,0.09,-11.22,0.55,0.0767,0.0778
2019dfa,16.361,0.005,-0.343,0.037,0.099,0.004,35.347,0.144,0.047,n,10.56,0.1,-10.17,0.15,0.0254,0.0263
2019dku,18.18,0.006,0.434,0.049,-0.038,0.005,37.592,0.139,0.038,n,9.94,0.08,-9.52,0.14,0.0709,0.0718
2019dli,18.481,0.036,1.443,0.117,-0.015,0.027,37.965,0.142,0.023,n,10.59,0.1,-9.82,0.2,0.0843,0.0851
2019dyo,16.171,0.004,1.133,0.039,-0.023,0.003,35.635,0.142,0.01,n,10.37,0.09,-10.12,0.14,0.0298,0.0304
2019ecs,16.815,0.006,0.141,0.045,-0.104,0.005,36.347,0.14,0.007,n,9.31,0.07,-9.43,0.05,0.0413,0.0419
2019eho,16.711,0.055,-0.953,0.165,0.024,0.029,35.799,0.145,-0.02,n,10.5,0.08,-10.42,0.2,0.0317,0.0332
2019ejg,17.581,0.039,1.295,0.347,0.018,0.028,36.97,0.148,0.073,n,9.23,0.1,-9.73,0.21,0.0544,0.0537
2019eke,18.532,0.041,-0.438,0.3,0.086,0.031,37.537,0.15,0.385,y,9.51,0.11,-9.82,0.2,0.0596,0.0602
2019evf,17.678,0.015,0.484,0.096,0.021,0.009,36.956,0.14,0.143,n,10.6,0.09,-10.17,0.15,0.0509,0.0518
2019evg,18.061,0.027,-0.305,0.157,0.151,0.016,36.927,0.141,-0.018,n,11.0,0.09,-10.17,0.15,0.0536,0.0549
2019fcq,18.472,0.032,1.257,0.285,0.178,0.018,37.47,0.144,0.02,n,9.88,0.08,-9.88,0.15,0.0682,0.0686
2019fkp,19.381,0.171,2.588,0.763,0.185,0.102,38.533,0.215,0.537,y,10.57,0.09,-10.67,0.3,0.0861,0.0871
2019fmc,18.443,0.021,-1.291,0.176,0.053,0.016,37.418,0.142,0.09,n,10.62,0.08,-10.12,0.14,0.0643,0.065
2019fyb,17.912,0.017,-0.257,0.332,0.124,0.015,36.848,0.147,0.333,n,9.61,0.11,-9.88,0.15,0.0438,0.0453
2019fyi,17.433,0.013,2.892,0.061,0.194,0.007,36.601,0.143,1.047,y,10.15,0.1,-10.92,0.4,0.0298,0.0295
2019fyj,17.748,0.003,0.678,0.035,-0.106,0.002,37.356,0.138,-0.08,n,10.07,0.1,-9.68,0.16,0.068,0.0682
2019fzm,15.94,0.002,-0.014,0.014,0.033,0.002,35.124,0.145,0.052,n,7.43,0.13,-8.52,0.34,0.0226,0.0237
2019gcj,17.741,0.01,-1.213,0.077,0.035,0.008,36.769,0.14,0.22,n,9.66,0.23,-9.68,0.75,0.0462,0.046
2019geb,17.429,0.011,-0.047,0.126,-0.038,0.008,36.78,0.14,-0.064,n,9.3,0.1,-9.82,0.2,0.0515,0.0525
2019gel,18.153,0.013,0.254,0.115,-0.074,0.01,37.628,0.14,-0.097,n,10.54,0.09,-11.07,0.45,0.0763,0.0774
2019giu,18.338,0.013,0.639,0.122,0.007,0.01,37.668,0.139,0.016,n,10.32,0.1,-9.88,0.26,0.0754,0.0749
2019gsh,18.219,0.013,-0.482,0.092,0.251,0.009,36.823,0.14,-0.048,n,10.35,0.08,-10.37,0.2,0.053,0.0531
2019gso,18.376,0.022,1.142,0.227,0.06,0.02,37.645,0.148,0.0,n,10.67,0.08,-10.32,0.15,0.0747,0.0747
2019gyz,18.539,0.032,-0.172,0.248,-0.002,0.024,37.787,0.145,0.176,n,9.38,0.08,-9.23,0.16,0.0729,0.0736
2019hcg,18.939,0.028,-1.036,0.216,0.253,0.024,37.467,0.147,-0.238,n,10.48,0.1,-9.93,0.2,0.0773,0.0767
2019hib,17.545,0.04,0.121,0.188,-0.047,0.028,36.939,0.141,-0.041,n,9.94,0.09,-10.02,0.14,0.0551,0.0557
2019hnu,17.808,0.011,1.212,0.114,0.004,0.009,37.219,0.14,-0.011,n,10.11,0.08,-10.17,0.15,0.0611,0.0623
2019hvj,18.421,0.018,1.33,0.174,0.115,0.015,37.58,0.142,-0.38,y,10.61,0.1,-10.07,0.14,0.0852,0.0857
2019hxp,18.041,0.019,1.229,0.308,0.008,0.015,37.444,0.146,-0.062,n,10.48,0.09,-10.47,0.2,0.0695,0.0703
2019kf,16.18,0.006,0.048,0.028,0.175,0.004,35.032,0.148,0.286,n,10.04,0.08,-10.37,0.15,0.0211,0.0204
2019kpb,18.819,0.025,-0.024,0.213,0.011,0.019,38.056,0.142,0.054,n,10.48,0.09,-11.82,0.8,0.0875,0.0873
2019lpd,18.453,0.009,-0.34,0.085,0.143,0.009,37.333,0.14,0.12,n,10.79,0.07,-10.12,0.14,0.0617,0.0618
2019lsu,15.93,0.002,1.103,0.023,-0.104,0.002,35.585,0.141,-0.293,n,9.03,0.1,-9.57,0.14,0.0333,0.0341
2019lve,18.968,0.026,-0.609,0.225,0.193,0.022,37.695,0.145,-0.072,n,10.82,0.08,-10.42,0.15,0.0786,0.0788
2019mgx,18.247,0.027,-0.688,0.177,0.166,0.021,37.029,0.144,0.533,y,9.69,0.08,-9.52,0.14,0.0443,0.045
2019moh,18.401,0.015,0.116,0.124,-0.029,0.013,37.75,0.141,0.008,n,9.8,0.09,-9.57,0.14,0.0789,0.078
2019njp,17.45,0.01,-0.408,0.087,-0.023,0.009,36.718,0.14,0.04,n,9.09,0.08,-9.12,0.14,0.0484,0.0487
2019njw,18.645,0.029,0.299,0.188,0.054,0.02,37.819,0.143,-0.081,n,10.62,0.08,-9.68,0.16,0.0831,0.0835
2019odb,18.859,0.026,-0.201,0.338,0.268,0.021,37.458,0.147,-0.171,n,10.61,0.09,-11.47,0.7,0.0734,0.0742
2019oke,18.128,0.02,-0.263,0.242,-0.033,0.022,37.44,0.149,-0.031,n,9.5,0.11,-9.57,0.19,0.0693,0.0692
2019pff,17.736,0.007,0.803,0.132,0.007,0.007,37.087,0.14,-0.083,n,10.25,0.13,-11.12,0.2,0.0596,0.0607
2019ppc,17.867,0.021,-0.751,0.14,0.068,0.015,36.874,0.142,-0.004,n,10.29,0.08,-11.02,0.45,0.0542,0.0533
2019pqd,16.351,0.007,0.385,0.044,0.016,0.005,35.627,0.145,0.481,y,8.81,0.09,-9.77,0.15,0.0244,0.0245
2019pqn,16.921,0.011,0.49,0.088,-0.021,0.009,36.3,0.142,0.288,n,9.53,0.1,-9.38,0.15,0.0371,0.0362
2019prt,18.066,0.008,-0.677,0.11,0.12,0.01,36.958,0.141,0.002,n,9.99,0.08,-9.93,0.16,0.055,0.0552
2019qc,17.672,0.027,0.309,0.104,0.075,0.018,36.797,0.14,0.046,n,9.82,0.1,-9.88,0.15,0.0511,0.0504
2019rmr,18.071,0.013,0.958,0.143,0.105,0.01,37.208,0.141,-0.199,n,10.23,0.09,-10.17,0.19,0.0667,0.0673
2019rpp,17.628,0.051,0.779,0.151,0.113,0.034,36.722,0.146,0.999,y,9.26,0.08,-9.48,0.21,0.0318,0.0318
2019slu,16.422,0.007,-0.077,0.11,-0.007,0.007,35.695,0.142,-0.228,n,9.78,0.05,-8.98,0.16,0.0326,0.0348
2019teo,16.924,0.145,-0.599,0.226,0.058,0.091,35.976,0.153,-0.063,n,9.03,0.11,-9.93,0.2,0.0372,0.0366
2019tjg,18.634,0.023,0.141,0.327,0.128,0.021,37.61,0.15,-0.118,n,10.6,0.07,-10.42,0.25,0.0764,0.0775
2019tqr,17.717,0.018,-0.387,0.233,0.004,0.016,36.924,0.145,0.257,n,10.45,0.09,-10.02,0.14,0.0489,0.0485
2019twb,17.368,0.016,-2.538,0.079,0.032,0.012,36.234,0.142,0.358,y,10.22,0.09,-10.52,0.2,0.0324,0.0341
2019tze,18.325,0.042,-0.256,0.415,0.027,0.031,37.493,0.164,-0.14,n,10.22,0.08,-10.27,0.15,0.074,0.0744
2019tzg,18.253,0.043,0.658,0.295,-0.013,0.029,37.634,0.15,0.026,n,9.73,0.1,-9.57,0.14,0.0744,0.0735
2019uet,17.834,0.009,-0.116,0.094,-0.02,0.009,37.134,0.14,-0.13,n,10.15,0.1,-10.37,0.2,0.0622,0.0632
2019vkz,16.327,0.006,0.526,0.023,0.021,0.004,35.608,0.143,0.254,n,9.48,0.11,-10.12,0.24,0.028,0.0269
2019vqm,16.838,0.081,-0.738,0.208,-0.034,0.05,36.091,0.15,0.897,y,9.73,0.08,-10.97,0.35,0.0236,0.025
2019vu,16.416,0.005,1.268,0.036,-0.01,0.004,35.869,0.142,0.092,n,9.26,0.1,-9.82,0.09,0.0321,0.0326
2019vv,17.464,0.022,-0.838,0.123,0.238,0.017,36.054,0.144,0.131,n,10.33,0.1,-9.77,0.25,0.0342,0.0348
2019wl,17.483,0.008,0.818,0.068,-0.001,0.006,36.855,0.139,-0.118,n,9.74,0.1,-9.68,0.16,0.0543,0.0556
2019wmj,17.522,0.023,1.849,0.142,-0.048,0.015,37.138,0.142,-0.027,n,10.26,0.14,-11.07,0.6,0.0595,0.0605
2019wqd,17.648,0.031,1.455,0.216,0.005,0.019,37.087,0.143,0.14,n,9.61,0.1,-9.77,0.15,0.0552,0.0549
2019wyp,18.538,0.033,0.915,0.209,-0.018,0.023,37.964,0.146,0.154,n,10.12,0.1,-10.37,0.25,0.0803,0.0803
2019xa,16.925,0.007,0.13,0.068,0.068,0.007,36.045,0.14,-0.341,y,10.17,0.08,-10.07,0.09,0.0412,0.0428
2019ycb,17.984,0.015,0.074,0.096,0.208,0.013,36.761,0.142,0.197,n,9.6,0.11,-9.68,0.16,0.046,0.0463
2019zab,18.713,0.011,-0.234,0.07,0.019,0.008,37.905,0.139,0.041,n,10.46,0.08,-9.32,0.14,0.0811,0.0822
2019zcq,18.106,0.011,0.694,0.203,-0.071,0.016,37.631,0.148,-0.046,n,9.84,0.15,-8.73,0.3,0.0748,0.0758
2020abab,18.952,0.036,0.111,0.237,0.093,0.024,38.009,0.144,-0.042,n,9.72,0.08,-9.43,0.11,0.0883,0.0892
2020abaf,18.502,0.022,0.303,0.181,-0.111,0.019,38.072,0.145,0.16,n,9.74,0.1,-9.57,0.14,0.083,0.084
2020abcl,16.669,0.004,0.041,0.031,-0.066,0.003,36.099,0.14,-0.136,n,10.5,0.09,-10.32,0.2,0.0389,0.04
2020abdv,16.2,0.004,0.124,0.029,-0.008,0.003,35.502,0.144,0.238,n,9.1,0.11,-9.93,0.2,0.0262,0.0259
2020abu,18.266,0.015,1.159,0.124,-0.023,0.012,37.735,0.14,-0.311,y,11.0,0.08,-10.07,0.09,0.0882,0.089
2020abun,18.635,0.017,0.951,0.188,-0.04,0.016,38.117,0.144,0.035,n,10.31,0.08,-10.42,0.2,0.0907,0.0904
2020acdl,17.155,0.025,0.856,0.073,0.155,0.018,36.159,0.142,0.228,n,9.3,0.11,-9.88,0.11,0.0355,0.0349
2020aceu,18.551,0.014,0.86,0.186,0.036,0.014,37.839,0.143,0.081,n,10.37,0.09,-10.17,0.15,0.0774,0.0785
2020acif,17.995,0.022,1.287,0.167,0.083,0.017,37.227,0.143,0.003,n,9.97,0.08,-9.88,0.15,0.0621,0.0621
2020acjd,19.715,0.043,0.048,0.401,0.246,0.036,38.397,0.164,0.293,n,9.86,0.09,-9.62,0.14,0.091,0.0913
2020actp,16.898,0.008,0.184,0.062,-0.169,0.006,36.594,0.138,-1.113,y,10.22,0.1,-9.68,0.2,0.0765,0.0768
2020acvm,17.15,0.011,0.149,0.072,-0.02,0.008,36.482,0.14,0.057,n,9.98,0.2,-9.62,0.19,0.0432,0.0436
2020adkz,16.433,0.034,0.063,0.171,-0.056,0.023,35.842,0.144,0.205,n,9.58,0.1,-9.77,0.2,0.0295,0.0306
2020adld,17.449,0.008,-0.059,0.06,-0.054,0.006,36.836,0.139,-0.075,n,9.88,0.13,-10.27,0.25,0.0546,0.0541
2020adlp,18.092,0.009,0.806,0.098,-0.031,0.008,37.533,0.139,-0.214,n,9.83,0.09,-9.73,0.0,0.0785,0.0781
2020adra,18.359,0.017,0.871,0.157,-0.066,0.014,37.893,0.142,-0.04,n,9.96,0.1,-9.57,0.14,0.084,0.0847
2020aejg,18.474,0.018,-0.032,0.14,0.03,0.015,37.663,0.141,-0.04,n,10.34,0.09,-10.12,0.14,0.0771,0.0767
2020aeps,15.852,0.003,0.535,0.026,-0.047,0.002,35.298,0.144,0.135,n,9.16,0.12,-9.48,0.1,0.0244,0.0247
2020amx,17.002,0.048,-0.403,0.219,-0.227,0.031,36.76,0.141,0.046,n,9.38,0.12,-9.73,0.21,0.049,0.0496
2020amy,17.798,0.014,0.464,0.17,0.087,0.01,36.915,0.142,0.441,y,9.38,0.09,-9.57,0.19,0.0448,0.0445
2020aoi,16.568,0.002,-0.07,0.016,0.01,0.001,35.8,0.141,-0.073,n,9.97,0.1,-9.57,0.14,0.033,0.034
2020aqj,18.399,0.021,0.638,0.206,0.045,0.017,37.639,0.145,-0.077,n,10.48,0.09,-10.22,0.15,0.0761,0.0771
2020axk,17.157,0.004,0.533,0.032,0.095,0.003,36.263,0.14,-0.031,n,9.2,0.21,-8.62,0.44,0.0411,0.0411
2020bec,18.618,0.026,-1.303,0.174,-0.02,0.022,37.767,0.145,0.137,n,10.72,0.08,-10.47,0.2,0.0732,0.0742
2020buq,18.792,0.035,-0.679,0.263,-0.001,0.026,37.975,0.147,-0.024,n,10.24,0.09,-10.62,0.25,0.0864,0.0872
2020cdp,17.941,0.015,-0.698,0.232,-0.06,0.013,37.261,0.142,0.043,n,9.33,0.1,-9.48,0.16,0.063,0.062
2020cfb,17.92,0.004,0.564,0.049,0.062,0.003,37.108,0.139,-0.047,n,10.87,0.07,-10.12,0.1,0.0609,0.0602
2020cli,17.797,0.013,-0.527,0.157,0.09,0.011,36.78,0.141,-0.156,n,10.09,0.11,-10.37,0.2,0.0535,0.0547
2020cpq,18.765,0.039,0.107,0.462,0.081,0.031,37.85,0.156,-0.0,n,10.79,0.1,-9.43,0.2,0.0816,0.0817
2020cvg,16.616,0.028,0.403,0.258,0.219,0.017,35.409,0.152,0.622,y,10.01,0.09,-9.98,0.21,0.0209,0.0208
2020czo,16.306,0.004,-0.019,0.075,0.101,0.003,35.328,0.144,0.048,n,10.57,0.1,-10.42,0.2,0.027,0.026
2020dgc,17.457,0.006,1.578,0.039,0.102,0.004,36.679,0.139,-0.196,n,9.9,0.11,-10.12,0.19,0.0523,0.0532
2020dhj,16.906,0.013,-0.012,0.066,-0.072,0.009,36.344,0.14,-0.154,n,10.02,0.09,-10.42,0.2,0.0442,0.045
2020dow,16.973,0.022,-0.901,0.091,-0.087,0.014,36.332,0.141,-0.277,n,10.08,0.09,-9.43,0.16,0.0474,0.0473
2020drt,18.727,0.013,-0.366,0.078,0.054,0.009,37.816,0.139,-0.002,n,9.44,0.12,-9.88,0.26,0.0799,0.0806
2020dus,18.843,0.014,-2.587,0.111,0.051,0.01,37.658,0.14,0.262,n,10.25,0.08,-10.32,0.15,0.0676,0.067
2020dxr,17.847,0.02,-0.678,0.086,0.049,0.011,36.908,0.14,-0.096,n,10.19,0.11,-10.17,0.19,0.0552,0.0563
2020eei,18.276,0.058,1.148,0.35,0.016,0.043,37.649,0.166,0.17,n,9.85,0.11,-9.77,0.15,0.0703,0.0695
2020epz,18.207,0.046,0.367,0.192,0.22,0.035,36.994,0.151,0.034,n,9.38,0.11,-9.77,0.2,0.0561,0.0553
2020evu,17.98,0.019,0.295,0.082,0.099,0.013,37.046,0.14,0.004,n,9.73,0.1,-9.98,0.21,0.0581,0.0573
2020exz,18.701,0.015,0.204,0.122,0.162,0.011,37.605,0.139,0.042,n,10.19,0.08,-10.32,0.15,0.0711,0.0721
2020fbp,17.698,0.012,0.796,0.079,0.044,0.008,36.96,0.139,-0.152,n,10.36,0.09,-10.97,0.4,0.0585,0.0591
2020fht,17.931,0.019,0.402,0.103,-0.037,0.012,37.337,0.14,-0.082,n,10.1,0.11,-9.57,0.14,0.0685,0.0677
2020fkg,18.578,0.016,0.094,0.116,0.087,0.011,37.649,0.14,0.079,n,10.54,0.09,-10.07,0.14,0.0718,0.0723
2020fwn,16.823,0.006,0.913,0.04,-0.085,0.004,36.409,0.14,0.189,n,9.1,0.09,-9.77,0.2,0.0389,0.0398
2020fxa,17.75,0.004,0.555,0.034,-0.062,0.003,37.235,0.138,-0.067,n,10.11,0.09,-10.17,0.19,0.0642,0.0643
2020fzx,17.016,0.012,1.132,0.094,0.243,0.008,35.845,0.143,0.366,n,9.23,0.1,-9.68,0.25,0.0288,0.0285
2020gde,18.402,0.016,-0.325,0.228,0.095,0.013,37.4,0.143,-0.005,n,10.65,0.08,-10.07,0.14,0.0675,0.0672
2020hdc,18.652,0.009,-0.268,0.096,0.186,0.008,37.438,0.139,-0.074,n,10.37,0.1,-10.22,0.2,0.071,0.0705
2020hek,16.53,0.003,0.617,0.018,-0.092,0.002,36.093,0.14,-0.007,n,9.32,0.11,-9.82,0.14,0.0379,0.0377
2020hla,16.088,0.003,0.64,0.021,0.024,0.002,35.379,0.143,-0.099,n,9.29,0.1,-9.77,0.2,0.0274,0.0285
2020hsh,18.467,0.046,1.473,0.575,-0.026,0.036,37.982,0.164,0.345,n,9.77,0.12,-10.12,0.24,0.0747,0.0744
2020hvy,17.957,0.004,0.895,0.039,0.133,0.003,37.017,0.138,-0.407,y,10.61,0.09,-10.22,0.2,0.0678,0.0678
2020hzi,17.754,0.01,0.064,0.088,-0.107,0.008,37.284,0.139,-0.107,n,9.76,0.06,-10.27,0.2,0.0664,0.0668
2020inz,17.856,0.006,0.489,0.066,-0.078,0.006,37.371,0.139,-0.13,n,10.61,0.08,-10.82,0.3,0.0705,0.0702
2020jhr,16.717,0.011,1.303,0.189,0.035,0.008,36.064,0.144,0.393,y,8.74,0.1,-8.88,0.26,0.0313,0.0311
2020jjf,18.304,0.042,0.233,0.552,0.065,0.034,37.444,0.161,0.145,n,9.84,0.11,-10.12,0.19,0.0643,0.0642
2020jnr,16.951,0.002,0.605,0.027,-0.006,0.002,36.308,0.14,-0.04,n,10.06,0.13,-10.22,0.24,0.0407,0.0421
2020jol,16.166,0.01,1.329,0.11,0.129,0.007,35.291,0.146,0.289,n,8.55,0.06,-9.38,0.15,0.0217,0.023
2020jrk,18.359,0.008,1.431,0.119,0.007,0.008,37.791,0.139,0.108,n,9.94,0.09,-9.27,0.15,0.0759,0.076
2020jsg,18.624,0.017,1.668,0.286,0.012,0.018,38.072,0.147,0.165,n,10.29,0.08,-10.32,0.2,0.0828,0.0838
2020lba,18.115,0.016,0.201,0.111,0.194,0.011,36.942,0.141,0.365,n,9.75,0.13,-9.52,0.14,0.0466,0.0466
2020lqo,18.378,0.019,0.822,0.126,0.299,0.014,37.032,0.141,0.123,n,9.72,0.17,-9.57,0.19,0.0533,0.054
2020lsr,18.635,0.048,-1.77,0.156,0.124,0.03,37.378,0.145,0.268,n,9.14,0.11,-9.82,0.2,0.0587,0.0591
2020may,17.203,0.008,1.386,0.054,0.006,0.006,36.632,0.139,-0.252,n,10.49,0.11,-11.22,0.45,0.0534,0.0534
2020mcg,18.755,0.014,1.151,0.133,0.045,0.012,38.06,0.141,-0.193,n,11.07,0.11,-9.68,0.16,0.0968,0.0973
2020mfs,18.169,0.017,0.978,0.197,0.204,0.013,37.07,0.141,0.055,n,10.48,0.07,-9.18,0.06,0.0568,0.0566
2020mfx,17.476,0.007,-0.202,0.039,0.206,0.005,36.224,0.14,-0.006,n,9.56,0.08,-10.47,0.2,0.0392,0.0399
2020mwl,17.855,0.007,-0.009,0.055,-0.032,0.005,37.196,0.139,0.009,n,10.22,0.11,-11.12,0.4,0.0611,0.0611
2020nbb,18.831,0.009,1.207,0.06,0.159,0.006,37.87,0.138,-0.018,n,10.78,0.09,-10.07,0.14,0.0824,0.0831
2020nei,18.454,0.018,-2.624,0.111,0.066,0.014,37.229,0.14,0.004,n,10.57,0.11,-10.62,0.2,0.0617,0.0621
2020nia,18.979,0.018,0.311,0.138,0.072,0.014,38.111,0.141,0.111,n,9.88,0.08,-9.43,0.16,0.0862,0.0872
2020nr,18.006,0.006,0.922,0.045,0.049,0.004,37.272,0.139,-0.034,n,9.43,0.12,-9.73,0.21,0.0629,0.0644
2020oer,18.678,0.005,0.712,0.053,0.107,0.004,37.777,0.138,-0.108,n,10.49,0.08,-10.32,0.15,0.0827,0.083
2020oha,17.091,0.04,1.22,0.271,-0.064,0.028,36.665,0.142,0.048,n,9.75,0.11,-10.37,0.2,0.0472,0.0474
2020orf,17.726,0.003,0.717,0.028,-0.019,0.002,37.128,0.138,-0.129,n,9.73,0.11,-9.68,0.16,0.0636,0.063
2020oye,17.64,0.006,0.884,0.061,0.061,0.005,36.873,0.139,-0.076,n,9.79,0.09,-9.62,0.19,0.0538,0.055
2020piu,17.767,0.01,0.86,0.082,0.139,0.008,36.809,0.14,0.079,n,9.48,0.09,-10.47,0.2,0.049,0.0499
2020pmf,18.083,0.017,0.586,0.207,-0.082,0.014,37.62,0.143,-0.033,n,9.64,0.1,-8.98,0.21,0.0742,0.075
2020pmi,17.672,0.023,0.175,0.144,-0.043,0.016,37.062,0.139,-0.194,n,10.33,0.1,-10.77,0.35,0.0616,0.063
2020qjy,17.549,0.005,2.284,0.068,0.187,0.003,36.656,0.138,-0.769,y,9.94,0.11,-10.02,0.2,0.0678,0.0679
2020rcy,17.932,0.012,1.088,0.129,-0.038,0.009,37.426,0.139,-0.195,n,9.71,0.08,-9.38,0.2,0.0732,0.0739
2020rxm,18.618,0.012,-0.204,0.092,0.038,0.009,37.767,0.139,-0.081,n,9.74,0.09,-9.82,0.2,0.0818,0.0816
2020seo,18.253,0.017,-0.329,0.086,-0.027,0.012,37.543,0.139,-0.136,n,10.21,0.08,-10.37,0.15,0.0768,0.0759
2020svo,16.894,0.006,0.157,0.039,-0.019,0.005,36.226,0.14,0.029,n,8.85,0.09,-9.52,0.2,0.0387,0.0393
2020uvf,17.802,0.01,0.525,0.125,-0.054,0.008,37.264,0.14,0.153,n,9.79,0.11,-9.98,0.21,0.0595,0.0591
2020vf,15.406,0.003,0.875,0.027,-0.037,0.002,34.87,0.148,0.153,n,8.45,0.09,-10.02,0.29,0.0203,0.0202
2020wtw,16.892,0.011,-1.607,0.102,-0.051,0.008,36.077,0.141,-0.202,n,9.84,0.08,-9.93,0.16,0.039,0.0408
2020xpt,17.88,0.016,0.073,0.112,-0.026,0.012,37.218,0.14,-0.141,n,9.47,0.08,-9.32,0.2,0.0655,0.0659
2020zgu,17.2,0.007,-0.797,0.047,0.088,0.005,36.154,0.14,-0.201,n,10.0,0.09,-10.17,0.15,0.0414,0.0422
2020zko,17.597,0.01,0.087,0.081,-0.0,0.008,36.875,0.14,0.045,n,9.61,0.08,-9.48,0.16,0.0508,0.0522
2020zz,17.333,0.003,-0.015,0.026,0.148,0.003,36.241,0.14,-0.089,n,10.19,0.09,-9.27,0.09,0.0408,0.0418
2021F,18.028,0.005,0.85,0.061,0.056,0.005,37.268,0.139,-0.068,n,10.01,0.07,-10.42,0.25,0.0657,0.0652
2021G,18.079,0.01,0.149,0.086,0.226,0.009,36.823,0.14,0.007,n,9.58,0.1,-9.73,0.21,0.0512,0.0519
2021T,17.307,0.01,-0.561,0.226,0.015,0.01,36.467,0.142,-0.091,n,9.75,0.19,-9.52,0.14,0.0454,0.0462
2021abht,16.664,0.071,-0.05,0.21,-0.059,0.045,36.066,0.144,0.147,n,9.79,0.1,-10.62,0.3,0.0351,0.0347
2021abym,17.692,0.01,1.04,0.114,-0.001,0.008,37.093,0.14,-0.104,n,10.17,0.09,-9.82,0.14,0.0615,0.0614
2021abyn,18.749,0.027,0.215,0.291,0.117,0.021,37.763,0.145,0.017,n,10.24,0.1,-10.42,0.2,0.0782,0.0781
2021abzu,18.558,0.034,-1.072,0.271,-0.05,0.024,37.806,0.145,0.081,n,9.44,0.08,-9.18,0.16,0.0769,0.0774
2021acal,18.181,0.01,0.197,0.161,-0.042,0.009,37.573,0.14,-0.124,n,9.62,0.17,-9.27,0.2,0.076,0.0764
2021acxt,18.379,0.014,0.813,0.25,-0.073,0.014,37.924,0.144,0.052,n,10.19,0.06,-9.23,0.25,0.0829,0.0825
2021adew,18.405,0.038,0.786,0.492,-0.03,0.028,37.842,0.163,0.128,n,9.3,0.12,-9.62,0.19,0.078,0.077
2021adoz,17.16,0.012,-0.345,0.085,-0.111,0.009,36.649,0.14,-0.222,n,9.55,0.12,-10.12,0.24,0.0527,0.0531
2021adtd,17.987,0.055,-1.584,0.617,-0.048,0.043,37.168,0.167,-0.081,n,10.49,0.1,-10.97,0.4,0.063,0.0628
2021aemm,17.981,0.026,-0.2,0.225,-0.055,0.026,37.352,0.152,-0.17,n,10.23,0.07,-10.27,0.2,0.0697,0.0708
2021aesp,17.584,0.023,-2.402,0.15,-0.003,0.017,36.552,0.142,0.222,n,10.31,0.1,-9.88,0.15,0.0412,0.0418
2021aqq,17.873,0.014,0.293,0.088,0.12,0.009,36.89,0.14,0.176,n,10.05,0.09,-10.42,0.2,0.0492,0.0495
2021aqy,19.031,0.057,-1.025,0.311,0.247,0.035,37.576,0.151,-0.44,y,11.05,0.09,-10.17,0.15,0.0876,0.0878
2021bb,18.603,0.029,-0.394,0.3,0.008,0.025,37.801,0.152,-0.167,n,9.99,0.1,-9.57,0.14,0.0865,0.086
2021bkw,15.638,0.003,-1.509,0.027,0.092,0.003,34.492,0.151,0.097,n,9.14,0.1,-9.73,0.21,0.0182,0.0174
2021bmb,17.499,0.008,0.746,0.072,0.197,0.006,36.389,0.141,0.239,n,9.4,0.09,-10.27,0.15,0.0375,0.0385
2021bnv,18.444,0.013,0.721,0.127,-0.053,0.007,37.928,0.139,0.158,n,10.13,0.11,-9.88,0.15,0.0787,0.0789
2021bsy,18.171,0.015,1.482,0.23,-0.121,0.013,37.916,0.143,0.181,n,10.35,0.08,-10.52,0.15,0.0774,0.0777
2021bvf,18.873,0.012,-0.065,0.134,-0.057,0.011,38.267,0.14,-0.018,n,10.66,0.08,-10.22,0.15,0.0978,0.0987
2021ccl,18.645,0.019,0.514,0.249,-0.031,0.018,38.049,0.146,-0.027,n,10.29,0.1,-10.42,0.2,0.0903,0.0902
2021cgl,16.445,0.004,1.389,0.032,-0.005,0.003,35.898,0.141,-0.063,n,9.41,0.11,-9.52,0.14,0.0359,0.0354
2021ckc,17.489,0.007,1.482,0.064,0.082,0.005,36.746,0.139,-0.19,n,10.41,0.09,-9.77,0.25,0.0531,0.0547
2021cn,18.627,0.012,1.118,0.156,0.002,0.014,38.029,0.143,0.015,n,10.42,0.08,-10.22,0.15,0.0879,0.0878
2021cs,18.272,0.011,-0.447,0.095,-0.0,0.01,37.482,0.14,0.088,n,10.31,0.09,-10.02,0.2,0.0659,0.0669
2021cta,18.64,0.009,-0.448,0.098,-0.004,0.008,37.857,0.139,-0.003,n,10.1,0.08,-10.17,0.15,0.0811,0.0821
2021czn,18.279,0.022,0.114,0.453,0.199,0.035,37.084,0.176,-0.535,y,10.3,0.1,-9.73,0.16,0.0738,0.0739
2021dep,17.032,0.008,-2.335,0.076,-0.036,0.008,36.088,0.142,0.063,n,10.45,0.08,-10.17,0.15,0.0368,0.0364
2021dgm,17.828,0.014,0.501,0.093,0.007,0.011,37.142,0.14,0.058,n,9.34,0.11,-9.68,0.2,0.0594,0.0584
2021dnm,17.516,0.007,0.568,0.056,0.121,0.006,36.563,0.14,0.065,n,9.45,0.1,-9.93,0.16,0.0461,0.045
2021dov,14.673,0.003,0.84,0.014,0.093,0.002,33.823,0.161,0.039,n,9.7,0.09,-10.37,0.15,0.0127,0.0132
2021end,18.519,0.052,-0.722,0.201,0.135,0.041,37.369,0.152,-0.183,n,9.96,0.1,-9.93,0.16,0.0713,0.0718
2021esh,18.301,0.016,0.189,0.147,0.058,0.014,37.453,0.142,0.039,n,10.78,0.09,-10.32,0.2,0.0672,0.0675
2021fqb,16.75,0.008,-0.604,0.04,0.035,0.006,35.856,0.141,-0.143,n,10.21,0.1,-10.07,0.14,0.0345,0.036
2021fqk,18.216,0.018,-0.077,0.179,-0.044,0.014,37.577,0.142,0.051,n,9.62,0.1,-9.73,0.16,0.0719,0.0709
2021fwy,18.267,0.014,1.257,0.115,-0.003,0.011,37.7,0.14,0.112,n,9.78,0.1,-9.93,0.16,0.0728,0.0729
2021gcw,18.683,0.023,2.29,0.203,-0.016,0.017,38.277,0.143,0.434,y,10.77,0.09,-11.32,0.6,0.0813,0.0815
2021gdr,17.474,0.027,0.659,0.128,-0.083,0.018,37.021,0.142,0.15,n,10.45,0.08,-10.17,0.15,0.0522,0.0531
2021ghc,17.208,0.007,0.361,0.057,-0.033,0.006,36.599,0.14,0.026,n,9.51,0.09,-9.73,0.21,0.0462,0.0465
2021hji,18.289,0.011,0.666,0.123,0.158,0.01,37.262,0.141,0.168,n,9.78,0.08,-9.93,0.16,0.0577,0.0586
2021hol,18.569,0.011,-0.073,0.138,-0.052,0.012,37.95,0.141,0.04,n,9.7,0.11,-9.62,0.14,0.0841,0.0839
2021huu,17.35,0.007,0.336,0.042,0.015,0.005,36.623,0.139,0.024,n,9.48,0.07,-10.02,0.0,0.0462,0.0471
2021hyg,18.856,0.014,-0.278,0.149,0.04,0.013,37.99,0.141,-0.07,n,10.47,0.1,-9.98,0.21,0.089,0.0895
2021iai,18.075,0.01,0.306,0.085,-0.062,0.009,37.527,0.139,0.015,n,10.1,0.08,-9.57,0.19,0.0697,0.0705
2021igt,18.368,0.01,0.162,0.081,-0.051,0.009,37.777,0.139,0.138,n,10.02,0.09,-9.68,0.2,0.0754,0.0745
2021iit,18.098,0.049,-0.202,0.505,0.049,0.038,37.222,0.161,-0.021,n,9.46,0.08,-9.38,0.2,0.063,0.0626
2021itd,18.219,0.012,0.252,0.091,-0.048,0.01,37.631,0.139,-0.181,n,10.68,0.1,-11.07,0.4,0.0801,0.0804
2021jwl,17.043,0.009,-0.983,0.052,-0.048,0.006,36.3,0.141,0.152,n,9.97,0.11,-10.12,0.19,0.0385,0.0385
2021jys,16.904,0.006,-0.29,0.059,0.011,0.005,36.106,0.141,0.047,n,9.34,0.09,-10.07,0.14,0.0362,0.037
2021jzw,18.253,0.019,-1.88,0.113,0.241,0.013,36.703,0.141,0.056,n,9.97,0.08,-9.98,0.16,0.0474,0.0481
2021kjh,17.522,0.007,0.045,0.074,0.052,0.006,36.67,0.14,-0.078,n,9.49,0.1,-9.82,0.2,0.0493,0.0503
2021kly,17.066,0.007,1.074,0.188,-0.026,0.007,36.532,0.142,0.041,n,10.91,0.08,-10.12,0.14,0.0442,0.0448
2021kom,17.136,0.02,1.699,0.28,0.002,0.015,36.613,0.145,0.045,n,10.05,0.11,-10.17,0.19,0.0451,0.0464
2021kqa,17.656,0.011,-1.232,0.082,-0.006,0.008,36.78,0.14,-0.023,n,9.88,0.09,-9.88,0.2,0.0503,0.0516
2021kut,16.218,0.005,0.337,0.04,-0.059,0.004,35.669,0.141,-0.123,n,9.72,0.11,-10.27,0.15,0.0313,0.0328
2021lat,17.232,0.007,1.423,0.05,0.165,0.005,36.282,0.141,0.379,n,9.44,0.11,-9.62,0.14,0.0339,0.0345
2021lma,17.855,0.012,0.427,0.121,0.004,0.009,37.166,0.14,-0.155,n,9.69,0.1,-10.32,0.2,0.0643,0.0648
2021lsv,17.688,0.016,0.971,0.171,0.0,0.011,37.077,0.141,0.073,n,9.38,0.1,-9.98,0.21,0.0559,0.0563
2021lvg,18.316,0.017,-0.413,0.123,0.07,0.013,37.363,0.14,-0.11,n,10.48,0.09,-10.12,0.14,0.0696,0.0693
2021mfn,17.86,0.009,1.378,0.076,0.002,0.007,37.296,0.139,-0.243,n,9.83,0.12,-10.27,0.15,0.0712,0.0713
2021mhv,17.407,0.056,0.26,0.236,0.045,0.036,36.598,0.141,0.011,n,9.96,0.08,-9.93,0.16,0.0468,0.0468
2021mvl,17.999,0.007,0.77,0.085,-0.041,0.007,37.461,0.139,-0.123,n,9.81,0.1,-9.98,0.21,0.0718,0.0727
2021nya,18.238,0.014,1.237,0.217,0.099,0.011,37.425,0.141,0.1,n,10.03,0.09,-9.82,0.14,0.0645,0.0649
2021oal,18.654,0.014,0.682,0.172,-0.025,0.014,38.066,0.143,-0.177,n,10.51,0.14,-9.23,0.21,0.0978,0.0969
2021pci,18.54,0.018,0.103,0.146,0.059,0.014,37.679,0.141,0.202,n,9.88,0.09,-9.57,0.14,0.0702,0.0694
2021qj,18.444,0.015,1.188,0.149,-0.093,0.015,38.084,0.142,-0.124,n,10.64,0.09,-9.68,0.2,0.0956,0.0955
2021qyf,19.045,0.027,-1.785,0.551,0.147,0.022,37.734,0.159,-0.094,n,10.17,0.11,-10.52,0.25,0.0801,0.0809
2021qzn,17.667,0.007,0.939,0.064,0.16,0.006,36.669,0.14,0.437,y,8.85,0.09,-9.48,0.1,0.0394,0.04
2021rcp,17.18,0.007,0.467,0.107,0.047,0.006,36.392,0.141,0.174,n,9.89,0.11,-9.73,0.16,0.0392,0.0397
2021sbs,18.383,0.014,0.571,0.112,0.123,0.011,37.427,0.14,0.043,n,10.17,0.09,-10.07,0.19,0.0669,0.0666
2021sbu,17.379,0.009,-1.113,0.102,0.184,0.007,36.063,0.142,0.187,n,9.4,0.09,-9.32,0.14,0.0327,0.0341
2021sbv,18.813,0.058,-1.461,0.524,0.096,0.045,37.663,0.167,0.197,n,9.75,0.09,-10.12,0.14,0.0691,0.0691
2021sqe,17.408,0.015,-1.772,0.089,0.101,0.012,36.207,0.142,0.208,n,10.71,0.07,-9.27,0.25,0.0366,0.036
2021tif,17.649,0.013,-0.227,0.115,0.066,0.012,36.728,0.142,-0.02,n,10.69,0.22,-9.62,0.14,0.0493,0.0503
2021ugo,18.115,0.028,-0.092,0.441,0.054,0.024,37.241,0.151,0.125,n,9.62,0.09,-9.62,0.14,0.06,0.0592
2021vil,16.826,0.007,0.342,0.044,0.037,0.005,36.047,0.14,-0.087,n,10.49,0.09,-9.93,0.2,0.0379,0.0383
2021vnv,18.324,0.038,-0.14,0.394,0.032,0.03,37.496,0.148,-0.133,n,9.98,0.09,-10.12,0.19,0.0743,0.0742
2021wfg,18.062,0.104,-0.402,0.533,-0.089,0.069,37.489,0.148,-0.321,n,9.42,0.08,-9.93,0.55,0.0794,0.0803
2021wyt,17.759,0.023,0.399,0.325,-0.045,0.019,37.184,0.144,-0.089,n,9.92,0.11,-9.88,0.15,0.0626,0.0635
2021wyz,17.727,0.013,0.173,0.157,-0.095,0.011,37.242,0.141,-0.122,n,9.68,0.11,-9.98,0.21,0.0645,0.066
2021xbb,18.58,0.017,0.37,0.231,-0.022,0.015,37.946,0.143,0.122,n,9.84,0.07,-9.23,0.16,0.0812,0.0808
2021yhl,17.004,0.101,0.426,0.103,0.083,0.069,36.126,0.154,0.055,n,9.85,0.15,-10.82,0.45,0.0363,0.0372
2021ylg,18.43,0.026,1.842,0.317,0.046,0.018,37.821,0.146,-0.166,n,9.89,0.09,-9.38,0.2,0.0857,0.0867
2021yux,18.733,0.03,-0.715,0.219,0.032,0.023,37.831,0.145,-0.176,n,9.17,0.11,-9.77,0.15,0.0866,0.0875
2021yvf,18.355,0.027,-1.958,0.181,-0.092,0.022,37.592,0.144,-0.016,n,10.42,0.09,-10.12,0.14,0.0726,0.0735
2021zac,16.467,0.008,1.205,0.043,0.135,0.005,35.563,0.143,0.11,n,8.66,0.09,-9.57,0.34,0.0274,0.0282
2021zgq,18.145,0.016,-0.447,0.235,0.07,0.014,37.186,0.143,-0.021,n,10.35,0.1,-10.42,0.2,0.0611,0.0616
2021zoe,17.455,0.013,-1.564,0.055,0.263,0.009,35.892,0.149,1.249,y,9.45,0.11,-9.98,0.16,0.0198,0.0195
2021zri,16.923,0.009,0.555,0.055,0.033,0.006,36.181,0.14,-0.092,n,9.82,0.1,-9.68,0.16,0.0413,0.0407
2022abw,18.727,0.059,-0.563,0.272,0.082,0.042,37.726,0.151,0.058,n,9.67,0.1,-9.62,0.14,0.0759,0.0755
2022afm,17.489,0.039,1.439,0.143,-0.027,0.024,37.003,0.141,0.063,n,10.84,0.09,-9.93,0.16,0.0531,0.0548
2022ahf,17.377,0.015,0.736,0.113,-0.106,0.012,36.992,0.14,0.122,n,10.33,0.08,-10.12,0.14,0.0535,0.0531
2022ahj,18.391,0.046,0.557,0.26,-0.061,0.034,37.875,0.148,0.163,n,10.1,0.11,-9.98,0.16,0.0761,0.0769
2022ais,17.842,0.03,0.341,0.197,0.033,0.023,37.073,0.144,0.257,n,10.03,0.08,-9.77,0.2,0.0505,0.0518
2022aiv,18.328,0.06,1.747,0.427,-0.021,0.041,37.867,0.146,0.085,n,10.03,0.11,-9.57,0.14,0.0798,0.0793
2022aqz,17.223,0.012,1.064,0.078,0.182,0.009,36.187,0.142,0.559,y,9.98,0.1,-9.57,0.19,0.0304,0.0305
2022atl,17.873,0.02,0.079,0.168,-0.003,0.016,37.157,0.141,-0.042,n,9.91,0.09,-9.52,0.14,0.0618,0.0614
2022auq,18.142,0.041,-0.472,0.19,0.177,0.028,36.924,0.141,-0.203,n,9.79,0.08,-9.73,0.16,0.0581,0.0595
2022baw,16.912,0.013,1.267,0.106,0.018,0.009,36.296,0.141,0.018,n,10.06,0.1,-10.92,0.35,0.0413,0.0408
2022bji,18.328,0.05,0.449,0.289,0.053,0.036,37.523,0.146,0.079,n,10.62,0.11,-9.98,0.21,0.0692,0.0684
2022bky,17.847,0.014,0.651,0.124,-0.11,0.011,37.458,0.14,-0.04,n,9.74,0.1,-9.77,0.04,0.0707,0.07
2022bpb,18.044,0.025,0.019,0.209,-0.07,0.019,37.48,0.144,-0.004,n,9.88,0.1,-9.88,0.15,0.0703,0.0696
2022bsp,16.246,0.004,1.264,0.045,-0.017,0.003,35.712,0.142,0.1,n,9.2,0.12,-9.62,0.14,0.0301,0.0303
2022ccl,17.812,0.012,1.041,0.103,0.065,0.01,37.054,0.139,-0.16,n,9.76,0.12,-9.77,0.15,0.0607,0.0618
2022ceh,18.036,0.017,2.608,0.169,0.253,0.011,37.027,0.141,0.354,n,10.1,0.1,-9.88,0.2,0.0482,0.0486
2022cme,17.856,0.014,0.618,0.133,0.105,0.013,36.948,0.142,0.141,n,10.04,0.11,-9.68,0.16,0.0504,0.0516
2022cox,18.52,0.015,-0.433,0.167,-0.018,0.014,37.773,0.142,-0.238,n,10.17,0.11,-9.93,0.2,0.0875,0.0877
2022dko,17.822,0.03,2.404,0.196,-0.004,0.019,37.403,0.143,0.131,n,9.72,0.08,-9.48,0.16,0.0632,0.0634
2022eej,18.533,0.055,1.313,0.333,0.008,0.037,37.947,0.159,0.192,n,10.11,0.1,-10.07,0.14,0.0789,0.0784
2022eje,17.295,0.056,0.696,0.381,0.06,0.039,36.506,0.152,0.234,n,9.15,0.15,-9.73,0.3,0.0394,0.0407
2022exc,15.209,0.007,0.515,0.113,-0.063,0.005,34.691,0.149,-0.027,n,8.94,0.11,-9.62,0.14,0.0201,0.0202
2022eyd,19.044,0.078,1.908,0.386,0.203,0.051,38.066,0.157,0.147,n,10.15,0.11,-9.73,0.16,0.0843,0.0842
2022fdv,18.063,0.028,0.891,0.174,-0.028,0.016,37.51,0.143,-0.028,n,10.14,0.1,-9.52,0.2,0.0721,0.0713
2022fnu,18.041,0.009,0.762,0.082,0.008,0.008,37.386,0.139,0.044,n,10.0,0.08,-9.88,0.15,0.0649,0.0654
2022fud,17.938,0.011,-1.117,0.078,0.006,0.009,37.048,0.14,-0.027,n,10.5,0.1,-11.02,0.35,0.0581,0.0581
2022glb,18.331,0.025,-1.249,0.186,-0.031,0.019,37.512,0.144,0.066,n,10.38,0.09,-10.22,0.2,0.0694,0.0685
2022gre,18.592,0.024,-0.259,0.173,0.001,0.019,37.822,0.144,0.027,n,10.25,0.08,-10.07,0.14,0.0789,0.0798
2022gwh,16.88,0.005,0.718,0.046,0.185,0.004,35.795,0.142,0.222,n,9.76,0.1,-10.42,0.2,0.0301,0.0297
2022haz,18.094,0.013,0.268,0.133,0.001,0.011,37.392,0.14,-0.355,y,10.44,0.09,-11.32,0.55,0.0775,0.0781
2022hkc,14.433,0.007,-2.12,0.052,-0.089,0.005,33.642,0.161,-0.122,n,9.96,0.12,-10.87,0.45,0.013,0.0131
2022hlj,17.637,0.008,0.946,0.119,-0.08,0.009,37.214,0.141,0.239,n,9.26,0.08,-9.27,0.15,0.0545,0.0556
2022hsv,18.982,0.027,-1.729,0.425,0.07,0.023,37.861,0.151,0.032,n,10.64,0.09,-10.77,0.35,0.0818,0.081
2022hua,18.612,0.02,1.577,0.408,0.084,0.021,37.877,0.151,-0.15,n,10.58,0.1,-10.12,0.19,0.0874,0.0883
2022huw,17.266,0.008,0.534,0.125,0.025,0.007,36.54,0.14,0.009,n,10.12,0.1,-9.82,0.14,0.0452,0.0457
2022hvo,18.185,0.015,0.567,0.193,0.027,0.013,37.458,0.143,-0.089,n,10.43,0.09,-10.42,0.2,0.0707,0.0716
2022ihd,17.73,0.038,-0.168,0.27,-0.054,0.025,37.105,0.143,-0.028,n,10.28,0.1,-9.77,0.15,0.0601,0.0597
2022ilr,18.237,0.022,-0.066,0.378,-0.011,0.02,37.52,0.153,0.034,n,10.32,0.09,-10.02,0.14,0.0687,0.0697
2022iqp,18.486,0.03,1.274,0.173,0.091,0.021,37.697,0.141,0.034,n,9.95,0.09,-9.77,0.15,0.0755,0.0753
2022isx,18.692,0.023,1.339,0.171,0.044,0.016,38.022,0.141,0.1,n,10.44,0.09,-10.22,0.15,0.0845,0.0843
2022jcb,18.311,0.034,-1.426,0.262,0.137,0.026,37.067,0.149,-0.18,n,10.82,0.08,-10.47,0.2,0.0632,0.0628
2022jnx,17.611,0.011,-0.638,0.068,-0.111,0.008,37.062,0.139,-0.046,n,9.58,0.08,-9.52,0.09,0.0583,0.059
2022jxp,17.762,0.009,0.914,0.13,-0.018,0.009,37.187,0.14,-0.058,n,10.03,0.1,-10.02,0.2,0.0619,0.0627
2022kgd,18.264,0.015,-0.387,0.14,0.015,0.012,37.445,0.141,-0.061,n,9.99,0.08,-10.07,0.19,0.0712,0.0703
2022lor,17.702,0.017,1.001,0.296,0.042,0.014,36.995,0.144,0.186,n,9.34,0.12,-10.22,0.2,0.0508,0.0517
2022mmm,18.342,0.017,-1.745,0.255,-0.042,0.017,37.488,0.144,-0.021,n,10.09,0.11,-10.12,0.24,0.0711,0.0704
2022mzs,16.553,0.004,0.98,0.055,0.005,0.003,35.932,0.141,-0.05,n,9.4,0.12,-10.47,0.35,0.0347,0.0357
2022rq,16.767,0.013,1.402,0.058,-0.011,0.008,36.239,0.14,-0.021,n,9.59,0.12,-10.07,0.19,0.039,0.0405
